source,nb_news
Pypi.org,28
The Times of India,12
CNBC,4
PCMag.com,3
BusinessLine,3
Github.com,3
Windows Central,2
Tom's Hardware UK,2
ANSA.it,2
Popular Science,2
Yahoo Entertainment,2
The Punch,2
Macsparky.com,1
Roanoke Times,1
PhoneArena,1
Daily Signal,1
Internazionale.it,1
Unexplained-mysteries.com,1
Freerepublic.com,1
CoinDesk,1
TechRadar,1
Inside the Magic,1
ScienceAlert,1
Nationpress.com,1
Vidinie.com,1
Fox News,1
CBS Sports,1
GlobeNewswire,1
Fair Observer,1
XDA Developers,1
Raw Story,1
Itsfoss.com,1
The Atlantic,1
New York Post,1
Geeky Gadgets,1
Ewtnnews.com,1
Slate Magazine,1
Lawyersgunsmoneyblog.com,1
Bleeding Cool News,1
Elearningindustry.com,1
Vercel.app,1
Bitrebels.com,1
Saastr.com,1
hackernoon.com,1
Antaranews.com,1
Futurism,1
9to5Mac,1
